Contract ID,Issue Date,Customer Name,State,City
B-26000,23/12/2023,Shiva,Uttar Pradesh,Prayagraj
B-26001,22/03/2023,Madan Mohan,Delhi,Delhi
B-26002,10/07/2023,Aniket,Delhi,Delhi
B-26003,08/11/2023,Nisha,Andhra Pradesh,Hyderabad
B-26004,11/11/2023,Nisha,Andhra Pradesh,Vijayawada
B-26005,21/08/2023,Madhav,Maharashtra,Mumbai
B-26006,15/01/2023,Sneha,Maharashtra,Nagpur
B-26007,28/05/2023,Shiva,Gujarat,Ahmedabad
B-26008,27/12/2023,Madan Mohan,Uttar Pradesh,Lucknow
B-26009,20/06/2023,Amit,Madhya Pradesh,Bhopal
B-26010,13/04/2023,Madan Mohan,Delhi,Delhi
B-26011,09/03/2023,Nisha,Gujarat,Ahmedabad
B-26012,12/09/2023,Yogesh,Gujarat,Surat
B-26013,20/02/2023,Amit,Uttar Pradesh,Lucknow
B-26014,09/12/2023,Amit,Madhya Pradesh,Bhopal
B-26015,23/03/2023,Sneha,Uttar Pradesh,Mathura
B-26016,05/05/2023,Kajal,Uttar Pradesh,Lucknow
B-26017,22/02/2023,Yogesh,Madhya Pradesh,Indore
B-26018,05/12/2023,Shreyshi,Gujarat,Ahmedabad
B-26019,12/10/2023,Pawan,Delhi,Delhi
B-26020,21/01/2023,Madan Mohan,Delhi,Delhi
B-26021,28/07/2023,Gopal,Madhya Pradesh,Bhopal
B-26022,05/04/2023,Vishakha,Maharashtra,Pune
B-26023,03/10/2023,Bhishm,Uttar Pradesh,Prayagraj
B-26024,02/12/2023,Meena,Madhya Pradesh,Bhopal
B-26025,19/09/2023,Udhav,Delhi,Delhi
B-26026,29/08/2023,Pawan,Uttar Pradesh,Prayagraj
B-26027,14/02/2023,Udhav,Gujarat,Surat
B-26028,19/09/2023,Vrinda,Delhi,Delhi
B-26029,11/01/2023,Gaurav,Maharashtra,Pune
B-26030,02/09/2023,Rajat,Madhya Pradesh,Bhopal
B-26031,02/05/2023,Kiran,Delhi,Delhi
B-26032,31/10/2023,Gaurav,Uttar Pradesh,Lucknow
B-26033,19/10/2023,Meena,Madhya Pradesh,Bhopal
B-26034,06/03/2023,Aniket,Maharashtra,Mumbai
B-26035,19/01/2023,Udhav,Andhra Pradesh,Vijayawada
B-26036,28/07/2023,Shreyshi,Maharashtra,Nagpur
B-26037,27/06/2023,Yogesh,Maharashtra,Pune
B-26038,21/01/2023,Rajat,Delhi,Delhi
B-26039,02/01/2023,Sudevi,Maharashtra,Mumbai
B-26040,13/04/2023,Rajat,Maharashtra,Pune
B-26041,07/12/2023,Udhav,Delhi,Delhi
B-26042,11/11/2023,Aniket,Gujarat,Vadodara
B-26043,31/03/2023,Udhav,Uttar Pradesh,Mathura
B-26044,08/08/2023,Nisha,Andhra Pradesh,Hyderabad
B-26045,26/04/2023,Kajal,Uttar Pradesh,Mathura
B-26046,15/01/2023,Amit,Uttar Pradesh,Prayagraj
B-26047,30/05/2023,Nisha,Delhi,Delhi
B-26048,23/06/2023,Aniket,Delhi,Delhi
B-26049,25/07/2023,Ananya,Maharashtra,Pune
